,0,1,2,3,4
0,1.078734452,1.684207748,-1.697788431,1.648822418,13.00967663
1,0.054548863,0.040486227,0.976355081,0.557014109,-9.760446277
2,1.192382846,-1.471494891,1.522286829,-1.294597737,-5.511185403
3,-0.173228965,0.716604066,-0.934981744,1.043866555,17.70328084
4,-0.619846066,-0.365162264,-1.487528999,-0.102718074,-5.8832429
5,1.585654586,0.728519366,-0.237612555,0.944234856,13.85525951
6,-0.561833128,-1.435525555,0.983116706,0.38009641,3.521612319
7,-0.515172138,-0.566788113,-1.509310886,1.398404373,-10.13452316
8,0.48056865,-0.481702386,-1.464183064,-1.084768653,3.489428019
9,0.752641009,1.701130234,-2.187562703,-1.506005581,3.788808718
10,1.046523414,0.799102966,-0.49117853,-0.498995581,-13.9966246
11,-1.749842908,1.258097293,-1.134400516,0.017899206,-8.803895605
12,-0.140657962,-0.74764023,1.229783831,-1.782132205,17.42214372
13,0.19719102,0.291041163,-0.595909429,-1.216243173,18.74898629
14,-0.133341129,-0.07617369,0.66064088,-0.936473486,0.201513364
15,-0.530630972,0.596119279,-0.08020114,0.581216951,14.70293638
16,-1.785436037,-1.093392809,1.431631407,0.198426566,5.12018058
17,-0.085688151,0.734679871,-0.514758458,0.332325014,-13.64387676
18,-0.490993133,-0.845243141,0.855110965,0.783621514,5.07835101
19,-0.483639558,-0.910583296,0.621130856,-0.401873069,-6.850441578
20,-0.662990687,0.739693692,0.541392353,0.044387819,2.202727652
21,-0.571314231,-0.762031085,1.451930727,-1.811309302,1.942998844
22,-1.047029588,0.982249158,-0.790453332,-0.592039704,1.793739186
23,-0.503615257,0.442814468,-0.489571003,0.374905269,-20.59310418
24,-0.544425114,-0.041113492,-0.99300574,-0.196962441,-1.958768364
25,-1.93034643,-0.12252374,-1.304144141,-0.766765948,4.974537554
26,-0.035721942,-1.315767265,1.439185475,-0.24124887,-8.217223486
27,0.218747985,-1.301683175,-0.917988344,2.507360094,5.874848367
28,-0.559598749,0.446752624,-0.591914837,0.571413201,5.539464716
29,0.110619864,1.043240993,-1.224905906,-0.091898099,-10.48019432
30,-0.471867969,0.624313396,0.538226096,-1.419258189,20.79427292
31,-0.102191958,-1.135393109,0.283505727,-1.507366312,8.108395853
32,-0.764959303,0.768438722,-0.544971945,1.474328846,-10.86944236
33,-0.356556111,-1.036900758,0.503472565,-0.138976895,-9.448215655
34,-0.506192067,1.769002119,-1.850181242,-1.341869487,9.414871302
35,1.421252988,0.246600571,0.938865856,0.532691386,-0.773663609
36,-1.348219234,0.549374199,-0.31631856,0.545276856,-0.733071281
37,1.912817784,0.010709498,0.114490675,-0.537428421,-7.572291494
38,-0.652164036,0.167216926,0.821281787,-2.771149828,1.854310686
39,-0.293349521,-1.201311419,0.871477731,1.239044182,6.564812419
40,-1.030326109,1.603877501,-2.08443207,-0.452475591,3.303612712
41,-0.288865141,-0.203751675,-1.2372875,1.118620494,14.58948122
42,1.747490495,-1.242735875,0.502377351,-1.812740688,12.76676953
43,1.733257776,-0.188610805,-1.061029695,-1.674439667,7.383622014
44,-1.517067856,-1.293532334,0.1613409,0.607508201,-12.8843999
45,-0.984744739,0.606415951,0.496793453,1.057894429,7.643869186
46,-1.51310996,-1.207059609,1.313374006,0.631207472,-5.887667283
47,-0.338034566,-0.886714225,1.533131239,-2.009475328,-0.97211091
48,0.918133933,1.055434953,-0.001093259,1.566792672,22.60786914
49,1.762813481,1.996590278,-2.433166228,0.578366881,-12.38478109
50,0.138253778,-1.020624643,0.921117262,0.288643038,13.51802167
51,-1.099826302,-0.935679634,2.310820216,-1.653223782,7.753546774
52,0.645318785,0.20969637,-0.673550122,0.05558546,-7.173228966
53,-2.156331668,-0.735236666,1.554018873,-0.756427072,5.12959455
54,0.114592246,-0.703979176,1.14965273,0.962472765,-6.135674713
55,0.937713776,0.718970489,-0.430475203,0.344322005,-6.515196408
56,0.184524411,-0.589236055,0.683616953,-1.614109012,14.96845313
57,-0.633883223,-1.036972419,0.923843598,0.963952386,-9.515094351
58,0.95900074,0.631367978,0.666865854,-0.603717786,13.41406785
59,0.880591229,1.451933563,-1.801545439,0.199330716,8.949667544
60,-0.158302825,-1.030611692,1.449172375,-0.448518133,9.783457895
61,2.703836918,1.404363206,-1.316705478,-1.77435776,12.25528461
62,0.207682545,-0.374176436,-1.508083956,-0.350864984,-4.781470346
63,-0.055396259,0.023644817,-1.217290515,-0.264379681,-2.590324732
64,0.261102737,0.26542592,0.928938213,-0.397011505,14.61834328
65,-0.218945645,0.243081669,0.099536465,-1.770834803,12.25547195
66,-0.500833057,-1.126071403,1.424592975,0.561870593,8.316226501
67,-0.554830043,-1.288917248,1.421114658,0.700127699,-4.086373878
68,1.215962101,0.195475833,-0.671499156,0.374838588,-2.046349387
69,-1.237665844,-1.020081403,1.878838533,1.138084655,-3.915609663
70,-1.222092476,-0.137484928,-1.192892449,-0.162686987,8.629427705
71,0.565165776,0.865726845,-0.770663948,-0.65685064,-7.529739119
72,-0.53001412,1.275754605,-1.613336199,1.283064221,9.8006791
73,-0.431001447,-1.067920265,1.59356812,1.406741366,-7.579056725
74,0.192088182,-0.498388284,1.376451604,0.064203947,-5.075597208
75,-0.734641156,0.782924911,0.733012023,-0.653741419,7.010329767
76,1.662292698,1.928547232,-1.895632676,-0.613851278,-4.191126757
77,1.5521665,0.498163337,0.011082918,0.432044692,-5.18158451
78,-0.794179348,-1.328780216,0.723543363,-0.461419338,15.92567349
79,0.388472327,-1.012147196,1.484225042,2.382943399,4.110426374
80,-2.497296176,-0.925229389,1.601079235,-0.083697005,3.896721134
81,0.575814827,0.252086812,-0.395763711,-0.335739121,4.232313013
82,0.667240456,-0.657598673,1.675961564,0.848925622,6.156845257
83,-0.818240764,0.069745623,-0.971837511,0.637548732,-15.46032917
84,-0.508955575,0.020135006,-0.92536789,0.993483007,-7.030694575
85,0.012191864,1.206169792,-1.156556953,0.862100808,-11.20150159
86,1.138330548,-0.971573326,0.107072784,-1.02327399,-2.548392357
87,-0.682468443,-0.095035393,-1.047262297,0.248370149,11.73326867
88,-0.523293365,-1.325697361,1.445896124,-0.988869,1.814164076
89,1.258370074,0.054844215,-1.045756337,-0.052329999,9.858021798
90,-2.448248125,-0.453668912,-1.674242404,1.803909112,-2.837632319
91,0.913082525,-1.276496912,1.860933849,1.432270335,-10.46996915
92,-1.127169712,-0.258829128,0.838668692,-1.454343133,4.810960314
93,-0.997555376,-0.369145079,-1.364026025,-0.878174081,-18.27637755
94,0.586124249,0.601301001,0.557983319,-1.781324316,-5.267239217
95,2.101832361,-0.917007209,0.354857051,0.896907894,-3.547874642
96,0.502082884,-0.829452578,0.589570095,-0.617944893,-5.310539415
97,-0.578985243,0.896324772,-0.652397668,1.054754381,-13.02684714
98,0.786997474,-0.768319098,1.763879697,0.387176015,8.885350793
99,0.325373623,1.874392869,-2.347477435,0.265152438,-0.918911049
100,1.849737747,0.072881419,-0.960698367,-0.756289645,9.307935761
101,0.310530665,-0.787501026,1.856894363,-1.259400797,-3.086889633
102,0.522730285,-0.597824871,-1.457489845,0.585855075,13.18366781
103,-0.076542772,-1.299086844,1.383061846,1.145411487,-2.791463326
104,-0.551671792,-0.022233874,-0.9738202,-1.057502964,2.668940564
105,-0.21350346,-0.63754168,1.752135842,0.549650715,5.564665907
106,1.121086429,1.293534946,-1.298523916,-1.672766529,0.858785248
107,-1.351519608,-1.128165975,2.262297957,-1.704462577,6.777547152
108,0.135812245,-1.007888179,2.007678461,-0.64835044,6.025015093
109,1.359527527,0.525498675,-0.606398037,-1.736241327,25.65196075
110,0.55364097,-0.550782318,-1.848630546,-0.238896648,-6.855925606
111,-0.699319082,0.896929194,0.063015436,-0.295858515,-2.097064056
112,-1.759457378,1.36592939,-1.308572541,0.295723983,3.742762648
113,-0.826346004,0.481920685,-0.501991844,0.449384482,-6.670845922
114,-0.070678439,0.587569931,0.161695425,-0.306089629,-9.15557622
115,1.777003379,0.549796713,0.082440329,0.421529071,-4.208133001
116,-0.232327554,-0.325309763,-1.596041144,-1.901859324,-3.316761103
117,-1.71941956,1.622379533,-1.593196136,1.052427726,0.13984808
118,0.85895121,0.437525186,0.63525415,-0.664118277,-11.39935042
119,-0.604019477,-0.988494228,1.067699516,0.419894868,14.51862798
120,0.459583665,-1.607772075,0.794963591,0.241493281,16.22917816
121,2.112433745,1.098283217,-0.791257429,-1.768742234,-6.418971407
122,-0.01444062,-0.578959873,-1.808199692,0.627457618,10.3585751
123,-0.322866305,0.572626104,-0.304378635,1.374462688,15.5619255
124,0.90375477,-0.875874065,-1.574610461,-0.007373725,11.13077615
125,1.638593224,0.461228804,-0.740537035,-0.232261687,9.584491446
126,2.063633193,-0.424811446,1.394106457,-0.789553078,-3.269238649
127,-0.260723819,-1.454550053,0.278024289,1.137081092,-6.257519385
128,0.964827898,-1.390600208,-0.122132161,-0.795795729,1.93228619
129,-2.959887217,-0.442301319,1.07532264,-0.855951687,13.08878639
130,1.173555867,0.795375627,-0.606344116,1.319678154,-4.554319508
131,0.75186849,-0.66253598,0.538963075,1.073752802,-1.148229183
132,1.726262422,0.325280114,0.506672623,-0.709504593,-21.95255872
133,-0.299232102,0.216686027,0.737526306,0.577537544,4.584708556
134,-1.152359667,0.359408158,-0.619735622,-0.083419685,-5.690481988
135,-1.186128918,-0.949746509,1.729337695,0.867583603,13.8227931
136,-1.173431191,0.843120729,-0.894963179,-0.569284208,11.58393479
137,-2.147651176,0.187932855,-0.976334811,-0.931810483,11.32610196
138,-0.332760642,-0.880607473,0.556576115,0.958703202,-5.558356526
139,1.712959818,-0.404389797,-1.476785429,0.281826803,-8.949584915
140,-0.82946736,-1.39235477,0.933284118,0.524852835,-0.765134031
141,-1.922709725,0.439240754,0.932615079,-0.370319226,3.268883197
142,1.740957332,-0.787146125,1.175930487,0.377154315,-6.472333147
143,1.214283698,0.784372738,-0.248821953,-0.834338454,-9.024942585
144,-0.640833266,1.028846617,-0.954807729,-0.738098178,8.239196387
145,-1.81069072,0.428384577,0.574026621,-2.424707898,-3.823857492
146,-0.089389356,1.400901013,-1.452965,-2.198932775,-14.19580242
147,0.10276618,0.954893949,0.17732126,0.892140657,-0.33328877
148,0.267473835,-0.631100983,-1.683363452,-1.447161854,1.121839826
149,1.263016905,-1.208454919,2.409836519,-0.935957375,3.831977984
150,0.650145023,-0.029495587,-1.056283566,2.249007206,-8.234063483
151,-1.803794729,-0.597155919,0.245588975,2.371530172,16.96387463
152,-0.155695782,0.966584669,-0.629442183,-0.561118831,-1.242288528
153,0.623065986,-0.738222536,1.736847786,-1.267202232,0.98131833
154,-0.218386148,1.952398146,-0.146017578,1.487970659,16.95501345
155,0.229946731,-0.988948818,1.309595128,2.032320303,-1.642069794
156,1.023813218,-0.678425368,-1.588610338,0.905237824,16.7093102
157,-0.94178197,-0.493014178,-1.473883932,1.112592218,-1.142465493
158,0.002977074,2.415153664,-0.818687444,-0.367155532,-2.577654663
159,-0.216940743,-0.650661898,1.898831582,1.316492559,13.73305063
160,-1.094165118,0.373381926,-0.702071635,-1.29220524,-0.903790568
161,-0.964965882,-1.19691357,0.568344773,0.552968166,16.10726457
162,-0.688038903,0.99367768,-1.102651813,-0.455898021,-13.83662609
163,-0.819486486,-1.63276186,1.029943347,0.090658914,-2.600336998
164,-0.781884754,0.22274862,0.910907606,0.004675618,-16.21167638
165,0.347523619,-0.202345996,-1.177542748,-0.508207048,19.87496027
166,0.178676417,-1.374264428,0.180780772,-0.732708185,15.23193123
167,0.266052387,0.787492545,0.124091295,0.343906631,-4.141819341
168,-0.476712165,-0.644758893,-1.412418334,0.144860195,-12.40664581
169,-0.362721735,0.844828601,-0.627865915,-1.216475168,13.94896677
170,0.112158564,-0.406305192,-1.255197356,-0.870287298,7.499708927
171,0.631628542,0.403772441,7.73e-05,0.938128564,4.775077884
172,1.508446267,1.324831888,-1.412663467,-0.910367989,-9.222050958
173,-0.664502396,0.663655177,-0.328483969,0.904314181,-0.798880674
174,-0.55240847,-0.603578586,0.476769781,0.045034592,-1.541770268
175,-0.949802213,-0.152551451,1.424240781,0.209909934,-15.82585896
176,-1.799599006,2.392149371,-2.820933383,-1.062591105,-13.51819983
177,-0.962711809,-1.503234372,0.987171348,0.890256357,1.267569254
178,0.690303359,0.525848736,-0.10658383,-0.714807595,-5.107262752
179,0.017334492,0.893419422,-0.82771378,0.559141919,0.128141605
180,1.202154616,-0.112044168,1.046879876,-0.415308767,-18.37000295
181,-1.495819327,1.36697358,-1.687020145,-0.609940818,2.576364977
182,-1.190894626,-0.549313292,-1.368810964,1.113406038,-2.666435383
183,-0.939601054,-0.780846972,1.291747671,-0.919432255,11.62659166
184,1.510426302,0.533794198,-0.451413032,-1.433115147,26.17448355
185,0.491121625,0.648811433,0.546678535,1.723019731,16.03177946
186,-0.373575908,-0.212600334,-1.037416058,1.213340703,-1.704806577
187,-0.207104192,-1.711123098,1.612741907,-0.597857874,-8.515737848
188,-0.052216744,0.282194433,-0.703850122,-0.419038773,1.149598587
189,0.95294783,0.625788268,0.286240808,-0.179980883,-23.75923252
190,0.216174495,-1.059212609,1.01672851,-1.659207101,22.07307923
191,0.048388512,0.702928111,-0.546307674,0.269840381,3.576852668
192,0.839689501,-0.5926304,1.398040205,-1.562045341,9.383547853
193,-1.331126801,0.11190699,0.731331015,-0.298593485,-7.1593015
194,-0.98051405,0.289431518,-0.649986754,0.191848451,-6.273419844
195,-3.283148549,0.053702957,-0.953402959,-0.997382399,0.917141762
196,0.49769185,1.094118058,-0.630201992,-1.030876326,0.421346713
197,0.710291173,-1.224509837,1.399234193,-0.842843525,16.82511298
198,-0.191558864,-0.456722303,-1.489844712,0.411989898,4.586203188
199,-0.77844529,-1.403705838,1.479200368,0.124633154,-1.763909416
200,0.437596978,0.659484542,0.710204172,-1.211120826,-12.79344214
201,1.101879519,0.664763388,-0.339815752,-0.606293387,3.930199903
202,-1.425647555,0.587704814,-0.614244454,0.166767051,-7.412931193
203,0.732682857,-0.009274611,-1.086241387,-1.887393951,-2.156768999
204,-0.545494252,-0.31040338,-1.225166452,0.485848441,-7.217842931
205,-0.934075365,-1.897581519,1.993935987,-0.869805072,-0.434677658
206,-0.160430518,1.531913971,-1.240977294,1.101561895,5.910784628
207,-0.920292882,0.531028892,0.21531676,-1.609771804,-0.073908735
208,0.991765585,0.059769202,-1.206920158,0.626105154,-11.23293688
209,-0.137760312,-0.060962133,-0.975318878,0.312039824,-3.713037509
210,-2.001127142,-1.89526705,2.036269796,0.319955994,23.34878967
211,-0.584778947,-0.64708292,1.4453833,0.938547138,-1.65116883
212,-0.514971053,-0.040754127,0.978042517,0.103630458,3.578024332
213,-0.979666581,-0.739097622,1.311429778,0.044738159,-19.75312707
214,1.168430766,0.142268316,-0.765028958,-0.027126137,-6.663594074
215,-0.931655775,0.725294729,-0.594150917,1.571314525,-20.86893691
216,-0.307981814,0.060187452,-0.87483323,-0.16720255,1.640301483
217,0.137554593,-1.651708462,0.713134537,1.596236564,0.967607824
218,-0.399546027,-0.796488987,-1.87671911,0.862017598,24.05212338
219,-0.385287443,-0.756085784,2.184209185,-0.053528432,-2.051540714
220,-1.137104187,0.235960354,-0.563756629,0.131880648,1.2233674
221,-1.542161479,0.009586992,1.202064299,0.178133895,3.99155282
222,-0.153915436,1.492320945,-1.551679216,0.74115492,10.07106871
223,1.007664484,1.901919985,-2.667277002,-0.181481159,-9.67356505
224,1.103642447,-1.007272183,0.519834016,0.282033366,6.362057116
225,1.104918551,0.787763663,-0.24279139,-0.40649459,-1.228915899
226,-0.486302268,0.996274963,-1.036097678,-0.010689123,-24.47652877
227,-0.120827999,1.292356072,0.175597717,-0.130965974,-3.179265905
228,0.743304249,0.177658032,-0.555614261,1.213007623,-4.039740109
229,0.422437119,0.264843613,1.001714129,1.388689303,7.861488402
230,-0.551101993,0.048940796,1.061950412,-0.337823307,-12.65137234
231,-0.026341572,-0.736179505,1.423602533,0.725519791,0.887502407
232,0.739165456,1.636520718,-0.157867538,0.397438393,8.910076299
233,0.39868727,0.826135051,-0.262156216,0.33905386,3.432276782
234,-0.07392545,-1.093505619,2.013179431,1.165690116,-11.00299742
235,1.251410665,-1.189604965,1.400002984,-0.798857166,-18.58610394
236,1.579781493,0.784001054,-0.262086742,-1.109912717,-2.746439873
237,0.471531868,0.973293477,-0.592660821,-1.099725706,-6.09241948
238,1.10011731,0.153534014,-0.956240519,-0.845143018,-6.431011662
239,-1.235556898,1.401915666,-1.959900452,0.077965117,-16.42863478
240,0.200989182,0.427698636,-0.300637151,0.079723447,-8.41566061
241,0.793310906,-0.30110373,-1.214900767,0.796180978,10.75036935
242,0.031044519,0.288749867,-0.640718211,0.976826909,-2.150540199
243,1.27365614,0.844476081,-0.703600745,0.440788169,5.052784312
244,-0.564897635,-0.228247869,-1.372712595,0.536761303,1.71386292
245,0.454090477,-1.748848206,0.59459452,1.108759602,-23.37342346
246,0.121922019,1.706363846,-2.25185694,1.8102996,-7.546591279
247,0.427113004,0.335209295,0.965030751,-0.246417978,2.154640041
248,-0.232521752,-0.443090474,-1.389986351,0.049495384,-8.802155978
249,0.047233774,0.91971402,-0.980797487,0.701626592,-5.002897824
250,0.929610482,-1.148287845,-0.148764368,0.783072938,3.055978024
251,-0.050806236,-1.547419993,2.019263124,-0.481317403,12.38740839
252,-0.513521666,-0.775959334,-2.068175518,-0.480337619,-2.218549522
253,1.082268099,0.379407064,-0.579322332,1.942071697,8.119154742
254,0.422632699,1.234409924,-1.047858444,-0.006297957,1.649842142
255,-0.165661169,-1.231878821,0.207408073,1.559626427,7.18826347
256,-0.283063197,-0.00278125,1.068369194,1.171109077,-8.154330583
257,0.117854154,0.621023366,0.049331038,0.867044603,-3.838494745
258,1.258520754,0.955455016,-0.833171736,-0.830409306,10.60957212
259,0.544446477,1.514740665,-1.897557142,-1.54487082,4.921174731
260,-0.190233168,-1.326437547,0.351741064,0.052556966,-12.72936861
261,-0.365934649,-1.288032421,0.2512231,0.195136141,-4.848428795
262,-0.121714787,-0.555912104,-1.602267634,-0.648885707,0.004131641
263,0.786050063,-0.789840825,0.333397029,-1.92679756,4.921703614
264,0.071482915,-0.895940126,0.753506489,0.60176212,4.478515037
265,0.170625747,1.092041027,-0.832092615,0.295347376,0.38105384
266,0.08351722,1.13449652,0.280737484,-0.307377215,1.831318163
267,-1.28145079,0.435373426,0.792155024,0.006344089,-1.68898098
268,-1.311110181,-0.187570143,-1.096727752,1.225595476,-11.57875582
269,0.069714808,-0.826962693,-1.780144934,0.619168323,9.591320394
270,1.056652357,-0.145742488,-1.243732913,0.296727063,17.29989633
271,0.847978841,-1.450426776,2.423511437,-0.140995722,0.037352647
272,-1.066447103,0.041678322,-0.997097992,0.141385709,7.268502607
273,1.415886529,0.607742659,-0.191692076,-1.944374222,14.924425
274,-0.727232631,1.00611701,-0.222645583,-0.036723092,-0.506753865
275,-0.850668034,0.432262957,0.677783721,1.082721093,-4.084464165
276,2.731731338,-1.133231932,1.807841792,-0.612328415,1.006689486
277,1.19434832,0.794137865,0.258189678,0.845761156,2.230484857
278,0.222594857,-0.103406868,-0.99905141,-1.251594469,11.25338851
279,-2.210961542,1.21380286,-0.946187668,0.899920822,8.110211997
280,0.338281787,-1.001644014,1.670593357,-2.349985821,-9.676989629
281,0.506584179,-1.393902668,0.594137547,0.741458165,-20.60571906
282,0.42520663,0.047478323,-0.913105186,0.481673876,-8.066907404
283,-1.608893059,-0.08594152,0.900326656,1.313729537,-17.81506209
284,0.976641699,-0.59558396,1.551075722,1.144599067,-21.53666668
285,0.47194998,0.243744463,-0.798143705,-0.523838393,6.121910607
286,-0.775442863,-0.294765204,-1.342605317,0.434125462,-9.502737382
287,-0.939658815,-1.214675561,1.085636504,-1.776331149,1.179340364
288,-0.25541238,0.669325239,-0.440227627,-0.733289854,-8.718899064
289,-0.194111805,-0.923505397,1.849685874,0.117122377,10.54712387
290,-0.282818411,-0.926397738,0.013531648,0.356628714,-9.242626697
291,-0.975516302,-1.026999272,1.170250499,-0.416111486,6.85232838
292,-0.548112345,-1.507767488,1.182417811,-1.155579383,-13.55038969
293,0.795455763,1.529475133,-1.909155927,-0.796797602,6.050915773
294,-1.646834039,-0.327644856,1.26655526,0.327924078,-7.348173688
295,0.361324281,-0.231741319,-1.116315331,-0.294768896,17.77577512
296,-1.369677904,0.317015279,0.540810348,0.878579478,18.60765253
297,-0.861153746,1.102905092,0.244025396,-0.826240104,-10.40903522
298,0.215722382,0.450232653,0.95469265,0.552235972,-16.25633693
299,-1.221196396,0.948726383,0.813529343,-1.250248351,-21.29704782
300,-1.577252372,0.481405165,0.945003511,-0.084092795,-0.443953676
301,-0.713815847,1.057601309,0.761959159,0.781348457,-20.27334994
302,1.515076602,-0.854198234,1.158304934,-1.316023475,-5.418654646
303,0.407825524,0.329831841,-0.73970259,-1.549505034,-7.620949172
304,2.185025448,1.040061265,-1.274678017,-0.155972875,-5.902394485
305,1.208610296,0.103642797,1.287863488,-1.338740273,9.537371443
306,1.123178395,-1.001707407,1.205585591,0.361972216,-3.058451197
307,-2.342068333,-0.795466052,1.806032043,0.570846288,-3.891782467
308,-0.950712948,0.248789203,-0.808311952,0.380718027,4.125599952
309,0.166166683,-0.351714497,1.524683184,0.354152439,5.980397173
310,2.537648252,0.527033563,0.377939431,-0.877830763,7.151035421
311,-1.375681242,0.048918114,-1.034770653,-1.008401871,-7.574002933
312,-0.149359618,-0.099206156,-1.01029382,-1.050632884,-10.63301855
313,-0.550971407,-0.922318768,-0.204216829,2.491687156,14.59247558
314,0.253404441,0.492885126,0.246547604,0.442717024,-8.897654047
315,0.301017947,-1.204124193,2.113246314,0.88286338,-5.602285621
316,-1.061238096,-0.214561626,1.375717446,0.656829725,17.8887764
317,0.694203108,0.113450509,0.267621114,0.20998117,-15.66619852
318,1.116543195,0.6419587,-0.397907907,-0.805649707,2.534881128
319,0.700880474,0.469723813,0.063651808,-0.879429523,8.344779278
320,-0.685179822,1.157870857,-1.014389527,0.305484075,-9.207609108
321,0.517393917,1.299985819,-1.400746305,-0.582210277,2.989808275
322,0.568945006,-0.642437973,-1.455987233,-0.545021775,12.715622
323,-0.951787272,1.08829905,-0.755439644,-0.618162899,-5.849703509
324,0.367958686,-0.756822868,1.011097297,-1.912764646,22.08259516
325,-0.454677112,-1.00784228,1.363745919,-1.099065956,0.630242117
326,-0.626933933,-0.008642081,-1.078354541,1.184417145,-9.083282554
327,0.181069899,-0.143849071,-1.350918791,-1.511885688,18.10590909
328,1.698716357,-0.092625337,-1.201804741,-1.224970084,-10.20582334
329,0.838459963,-1.052678095,0.808536509,1.119730722,-3.160241217
330,-0.949695051,-0.796378026,0.565411174,0.72958266,1.574193968
331,0.377947572,1.2523926,-1.281180091,-0.440142869,12.46230521
332,-1.806883396,-0.977515076,1.45153666,-0.774266829,12.76316305
333,-0.934133205,-0.972107436,1.361180514,0.290087683,4.804683067
334,-1.315488806,-0.786810169,1.447832878,-1.8768203,8.351097263
335,-0.016333768,-0.730691349,1.363924772,1.21201522,8.172931824
336,-1.591680207,-0.725748689,1.547579743,-0.503864252,-14.75617658
337,-1.004687164,-0.035996017,-1.112695351,-0.747357339,-10.41770448
338,-2.221332073,0.870484255,-0.66557078,-0.062874241,8.775313184
339,-1.047917332,0.019419368,1.46079586,0.11104282,0.615045222
340,1.502264587,-1.087483908,1.617170324,-0.163050311,9.969508413
341,-1.506642054,-0.328148902,1.65413627,-0.625651596,-2.745963273
342,-0.039054149,-0.848308237,1.15377274,-0.053075464,11.62578185
343,-0.851758728,-0.895115576,1.566130096,-1.652599097,-13.74136899
344,1.178963028,0.973297724,-1.131309178,-2.555451043,-15.58991427
345,-1.196611152,1.067603165,-0.939999943,-0.522529383,3.645398094
346,-1.368215578,-0.939360565,1.976383687,-1.01297154,-13.24047586
347,-0.893267803,1.144690834,-1.080166353,-1.112711428,-5.807645035
348,0.551506693,-1.260497339,1.358555026,0.678748485,2.019279136
349,-1.450496338,-0.897701414,0.896258263,-1.023065719,4.913224991
350,1.093527423,-1.329135472,1.403556007,0.146453711,11.97042652
351,-0.760035204,-0.366222721,1.668873232,1.648105599,-6.774162903
352,-0.668040691,0.052412095,1.351924215,-1.182229679,-2.317348519
353,-0.845861366,0.437353238,0.418700981,-1.612571928,10.33600931
354,0.928198555,1.551354575,-1.588126758,1.060229073,13.58582106
355,-0.385104121,0.471702202,-0.519853859,-0.661044533,0.913687662
356,-1.974259765,0.53765766,-0.373861507,-0.756949734,18.29754204
357,-2.03406877,1.202532424,-1.387799365,-0.928580003,6.175109036
358,-0.353848047,-0.726850775,1.281325677,-0.664946381,2.183503269
359,0.791063336,-1.081994771,1.044708846,0.03887057,-6.501267089
360,-1.387202087,1.754724404,-2.150931127,-0.250790212,-3.572015726
361,0.764507646,-0.845621935,-0.389397097,-1.114486853,0.826681814
362,1.098053519,-0.48284904,-1.336741952,1.75199087,23.91171559
363,0.147901739,0.683444087,-0.668102728,-0.270451913,-2.003043092
364,-0.183027331,-0.157481926,-1.131756248,0.775027396,2.488636969
365,-0.874221417,-0.954085199,0.043039129,0.882202282,19.77641667
366,-1.186704336,0.517447755,-0.515991266,-0.022364863,2.021934864
367,-0.583485942,-1.081126306,1.781816638,0.510340231,-7.958081248
368,-0.211187003,-0.995197634,2.222024907,-0.37702726,-21.81085887
369,0.974343989,0.099737364,-0.657968228,-2.374456797,7.904119902
370,1.265715627,-0.225937069,0.761330805,1.062735102,-1.39197451
371,-0.756874913,1.050292207,-0.65071687,0.625714352,2.949742129
372,0.018781694,0.361105966,-0.133067224,-1.508549421,11.35946434
373,0.767612477,0.957606854,-0.217581697,1.707679942,3.684422695
374,0.918856627,0.121350079,-1.008277113,-0.599570718,-6.77163442
375,-0.189550701,0.015208526,0.867408846,0.061339152,-14.31967511
376,-1.026673881,1.86891529,-2.000014281,-0.671136084,6.873207288
377,-1.050301957,-0.56744089,-1.732188193,0.551219574,6.348857235
378,-0.563579153,0.028321927,-0.678711366,1.322615329,0.418345959
379,1.713842352,-0.157004204,0.58713227,0.534107654,-9.585337895
380,0.614678816,-0.070077542,-1.315831148,-0.400962041,-2.878170909
381,0.065683715,-1.133385609,1.070913626,-0.053045833,-9.809222846
382,0.547820781,-0.203104346,-1.200403296,0.588332606,5.492434242
383,1.853230445,-0.721502582,-1.61751127,-0.016898495,-5.636468732
384,0.498186266,1.340375356,-1.276221947,0.059689853,-4.05911231
385,-0.555068656,-0.885883668,1.355514322,-0.895860854,-6.549532333
386,-0.312994737,-0.752598737,1.814298972,-1.664245901,-11.27796094
387,-0.376369784,-0.870601752,2.319273983,2.287482828,-6.561127483
388,-0.814419345,1.491248977,-1.400119038,0.704124737,6.950718962
389,-0.358267088,-0.510258169,0.344355235,0.567335056,13.44214805
390,0.226148229,-0.814477416,1.255342722,-2.250771038,-0.587064372
391,-0.039531406,-0.642528604,-0.090024262,-2.890122566,-12.51697754
392,0.687358148,-0.965447774,1.44377052,-1.023386674,5.594493632
393,0.350646558,-0.042781656,-0.87681698,-0.247636649,2.548188399
394,-0.928018245,1.129501504,-1.088481485,-0.395304531,-3.559938774
395,-0.432115311,-0.938552692,0.869711763,-1.120243973,-3.099526127
396,-0.040041542,0.010259345,-1.036951248,0.265237773,-17.18584284
397,0.65116676,1.456480949,-1.796168733,-1.284190339,3.475886801
398,0.099392608,0.778187882,-0.481994661,0.145657995,6.729030863
399,-0.904884036,0.440955667,0.684736861,0.647551292,-20.5931836
400,0.475430222,0.811662379,-0.792314109,-0.351440068,2.348282062
401,-1.167084032,-0.578222649,-1.601674602,0.562887283,-2.865889004
402,0.81426855,-0.702271756,1.727182032,2.011504609,12.1650381
403,0.391046677,1.977114761,-2.285334618,0.525960323,-5.904783904
404,0.264239161,2.078121914,-2.184219881,1.812504864,6.7867291
405,0.564572519,-1.229471162,0.499598749,1.234697422,-17.79590219
406,-0.943359308,-1.008382765,-0.19670062,0.587684785,-18.15675574
407,1.776453889,-0.635192418,1.197283497,-2.253709235,-14.90578514
408,-0.773279816,-0.018022735,0.572892305,-0.607822185,-7.830661655
409,-0.319134157,-0.346983684,-1.4374591,-0.571385272,9.739097516
410,-0.974173078,0.829560624,-0.378047796,1.148193225,18.18272694
411,-0.038726276,0.985956039,-0.715811033,0.463895881,-17.55115879
412,-1.103484527,-0.683147409,1.203726254,1.051367127,7.74445332
413,0.069072206,-1.397058011,0.669304233,-0.537988773,-18.20216391
414,-0.650813945,-1.080512441,1.129513259,-0.588656465,5.6900964
415,0.180451773,2.1588343,-3.006514179,0.463808734,-8.778341847
416,0.329680943,-0.559723679,1.197658219,0.160492532,-4.394425019
417,0.225538585,0.816815429,0.663101936,-0.174799056,15.09326145
418,0.05980844,-1.228244945,0.259294089,0.94697844,10.25690385
419,-0.314721996,-0.967371529,0.517841878,0.158821177,12.92441605
420,-0.999555143,0.472731255,0.938597363,-0.79648333,16.09273417
421,-0.730729632,-0.741707687,0.166918818,-0.452730258,-1.916623435
422,1.016168429,0.863885926,-0.703979452,-2.628504881,1.22142023
423,-0.690898463,-0.632204022,1.57293635,-1.218101438,-10.73036387
424,1.414130702,0.657378517,0.33269479,-0.979360916,-15.64959298
425,-0.101776152,0.723781709,-0.324499931,-0.85760146,-12.07619239
426,-1.081083996,-0.184149375,1.474277742,-0.449279834,2.552504229
427,-0.423643063,0.353644871,1.076864806,0.222597529,6.948694882
428,-1.601496296,-1.132762754,0.570766507,-0.447408249,21.48794227
429,0.052655225,0.193403261,-0.030350952,1.332266373,-0.289608967
430,-1.552110381,0.237944521,0.954177387,-1.128733703,12.27554648
431,-2.176453399,1.454711125,-1.885708176,0.529005542,-2.480668356
432,-1.006489682,0.119650688,-0.678787232,-0.070463535,4.472278199
433,1.480776752,-0.784809931,-0.039833607,0.898368265,3.426942526
434,0.200138823,-0.76729732,0.16018967,0.317862459,-17.53614049
435,1.802876783,1.383219719,-1.610812904,0.160932593,8.380998199
436,-0.792491525,-0.155657541,-1.056740915,0.366349395,-7.611122729
437,-1.208620558,0.110279832,-1.309408409,-0.925365074,-11.39632182
438,0.063756602,1.110019253,0.041037945,0.384758077,4.012974779
439,-0.408076868,-1.325711391,0.855809807,-1.292007666,13.47538492
440,1.470398456,1.060376811,-0.749441904,0.640999871,2.741302619
441,-0.196505524,0.706123762,-0.537717263,-0.510839708,8.42810401
442,0.040192192,0.421353636,-0.182375794,0.566323327,2.364038396
443,0.832883321,-1.256644868,1.340344619,0.827724199,-9.512878448
444,-0.313253472,0.567127281,-0.037798254,-0.701532866,15.82816282
445,-0.378338821,-0.910985064,0.325938225,0.316445256,-1.804363524
446,1.03596578,1.009569184,-0.851915894,1.075400661,-24.21837184
447,-0.03251288,-1.207537757,1.40012354,0.494432478,3.702441705
448,-0.383116013,-1.370567891,1.393387805,-0.353191228,-1.545488234
449,0.080746385,1.001494659,-1.256901269,-0.633999281,-2.719754742
450,-0.908286426,-1.56166183,0.138556333,0.037775294,-16.03853913
451,0.848856573,1.071002311,-1.039111954,0.774133896,2.60774941
452,1.002714235,-1.36358321,1.199741503,0.693164407,14.2743396
453,1.08648757,0.536782708,0.526980628,0.043955721,8.11018593
454,0.582152053,-0.337016707,0.9500277,1.383665165,2.308944943
455,-1.464335724,1.259975829,0.252046955,0.451579179,3.611038622
456,-0.78379834,-0.642744059,1.297456246,0.252215942,2.582861471
457,0.184909613,0.479340305,-0.592629167,-0.417287113,-1.1501704
458,-1.285788841,1.091416388,-0.906347681,0.828935359,8.831914433
459,-0.172322858,0.228710044,1.003137502,-2.512993131,-1.964545805
460,0.275476726,-1.095139424,-0.074826953,0.398222105,10.92304514
461,-0.658862799,1.102043676,-0.772969011,0.919015346,5.814537447
462,0.52381055,0.154487536,-1.066926659,0.014144264,-0.516511291
463,-0.672365757,0.275431397,-1.23415286,-1.374128498,11.60461787
464,0.559631322,0.558308837,-0.259682047,-0.81808116,10.30425751
465,0.672071534,0.390184833,0.506307497,-0.156615564,-11.05359171
466,1.465660954,1.402496642,-1.168320615,-0.069551624,16.3490614
467,-0.572898819,0.275023349,0.865013878,0.893680169,12.24775025
468,0.287115828,-0.573040023,0.73380598,1.265912141,-18.86284807
469,-1.723723728,-1.264993921,1.640830821,-1.797028443,12.64481262
470,0.524969598,0.084169476,-0.754525253,-1.467542582,10.53082706
471,0.076690494,-1.321381705,1.113637452,-0.584322192,0.990603366
472,0.993931433,0.071406384,-0.728900317,-0.095891987,6.277957359
473,0.406201285,0.256477458,0.870395668,-0.780257833,1.245124207
474,0.092777117,0.258829926,-0.624959643,-0.122853322,-0.440352781
475,0.450077411,-0.522357244,-1.663872252,-0.551820882,10.0759409
476,0.474565164,-0.093694139,1.249738748,0.858576558,-6.947363774
477,0.990633971,0.275530717,0.264253094,-0.691679178,2.551386498
478,-0.317116101,-1.048054097,0.817817432,0.069331413,-17.20341823
479,-0.0587022,-1.347012593,0.780779347,-0.415048698,4.128913514
480,-0.635950302,0.805252732,-0.471385617,0.351679985,-2.047049773
481,0.120452235,-0.492009975,1.465663329,1.791003235,-8.693003325
482,1.066679051,-0.240822173,-1.55065306,-1.404802347,10.95105663
483,0.438058804,-0.513022818,-1.818713493,-0.706680604,10.20754425
484,-0.181188389,1.247604136,-1.3307259,-0.355404174,7.790380421
485,0.600459172,0.671942242,-0.204929697,1.213295883,-7.739962543
486,-0.04823081,1.233946475,-1.582036787,-0.975292602,-2.924606704
487,-0.808402903,-1.442219193,0.825132004,0.572372902,-10.66751338
488,1.342440808,2.419512995,-2.891542143,0.243716486,9.985051013
489,0.732267567,1.179020507,-0.63792497,0.12936883,15.36487789
490,-0.224864571,0.66412206,-0.132522219,0.373128518,-24.64510591
491,-0.809642576,-0.380102837,-1.856468329,0.780600749,0.319567523
492,-0.248110474,-0.899707488,-1.928421203,-0.224886588,-10.71199522
493,1.038775312,-1.443719318,0.413931567,1.029753806,-9.17495704
494,-1.155370769,-0.938858003,1.573369301,0.730585757,6.262067126
495,1.574750799,-1.085047993,1.001432715,0.127296431,33.91946638
496,1.329969337,1.695031069,-0.05937896,-0.269871418,2.626861122
497,0.655547369,-1.201051369,0.724500291,-1.292618518,9.680590205
498,-0.906648219,-0.846994231,0.869226178,-0.115218545,-3.034516485
499,0.298385607,0.310290512,-0.015038748,-0.300878023,-12.09471826
500,1.12394961,2.251976669,-0.183381313,-0.35301351,10.46926751
501,-0.033095014,-1.318092185,0.967437018,-2.542513151,14.25919224
502,0.290786749,-0.215275209,-1.283965742,0.298454893,16.50737408
503,-0.053796741,0.214306144,-1.220142251,-0.300703256,9.950551432
504,0.014439896,-0.984702487,-1.840896874,0.832224739,10.3731151
505,-1.825740079,0.079911663,-0.944302472,-1.829860524,-11.49806351
506,0.678098165,-1.069771687,2.093054434,2.471204411,15.46506752
507,-0.012481901,-1.599733398,0.807054396,-1.049689872,10.37021157
508,2.194797419,1.483573656,-0.148071975,0.097306941,-8.018033451
509,0.920743731,0.592046073,0.930524158,1.236077648,-5.946848748
510,0.744288731,-1.078925269,1.25057081,1.454797921,-1.127354389
511,-0.267306015,-1.110741005,0.627752132,0.436464582,-10.48464595
512,-0.436603614,2.331551023,-2.51007843,-1.14961222,-12.34176449
513,1.214120417,0.501099807,-0.362189625,-0.410062814,3.98363215
514,1.0310189,-1.464563167,0.232723634,-0.16654241,10.86940313
515,-0.478471661,-1.376522141,0.263266407,0.18236561,-3.281921591
516,1.071240152,-0.602736949,-1.684463143,0.060343038,8.097897356
517,-1.55498135,1.623359504,-2.013315259,-1.151900396,-1.912047866
518,-0.596075555,0.627537749,0.494265178,-0.342453786,-17.43025274
519,-1.143253776,-0.672285071,1.76092634,-0.094605462,-2.397945004
520,-1.209132531,-0.465827359,2.211350567,0.800885899,-12.34785939
521,0.701045446,-1.161123156,0.365073348,1.223177365,-7.24569122
522,-0.341110808,0.288591667,-0.724124272,-0.055419015,-2.757390338
523,-0.307152045,-0.763028822,1.528237572,-0.104766011,-6.259095615
524,0.392470151,-1.17326196,2.145162458,-0.87828449,-21.45538087
525,-2.259253979,1.55863926,-1.753782171,-1.787016564,-6.962918787
526,0.254254582,-1.318299228,-0.088472997,0.413394939,10.73180237
527,-0.038253227,0.679669307,-0.459439019,0.082720558,-2.963266061
528,-0.433304952,-0.828641388,1.786592743,-0.754225704,6.11170145
529,-0.208854806,1.071515105,-0.949018552,0.76459034,-0.759701365
530,0.184753839,0.078668532,0.470187358,-2.276656419,12.56474569
531,-0.480675819,0.244954212,0.921056109,-0.390799948,-10.20152671
532,0.618698977,1.206236562,-1.203780384,0.072227038,-0.970383333
533,-0.405942375,-0.429099773,-1.858685697,-0.782993033,1.99681809
534,1.164434968,0.237553692,-0.922206472,1.576905068,3.251437732
535,2.623005349,0.42215554,0.831871222,-1.221515324,-5.418385255
536,0.761615336,-0.218300389,1.82633504,0.054612009,10.3444343
537,1.457058978,-1.597511448,2.229640146,-0.555373281,4.539361331
538,-0.716780386,-0.54768171,-1.307527995,-0.887268523,5.340808431
539,-0.652199495,-0.197768096,-1.446394777,-1.633012126,-25.3576188
540,-0.079708826,-1.204147453,1.391339738,-1.538396972,-2.761423361
541,-2.109995591,-0.534851098,1.440110771,1.061546252,-13.69798082
542,-1.826533385,-0.972032716,0.838052577,-0.356858878,18.08007721
543,0.550369302,1.007173914,-1.179994281,1.378828188,18.86707105
544,-1.140687363,-1.196257845,-0.710621805,-0.848725528,3.475315744
545,2.219665625,-1.469648234,0.428757657,-0.591616734,8.271101028
546,0.089932692,-0.727765179,0.857931715,-2.082357457,-4.324918999
547,0.921255978,-0.215678549,1.005951954,-0.703787993,-9.879651298
548,-0.10965445,1.123774795,-1.628325138,0.331612532,11.61889024
549,-0.501479408,-1.553848476,0.544833012,0.847263789,-5.405051536
550,0.532772563,0.729485817,0.731019178,0.408058167,-12.6663426
551,-0.319139296,1.163603655,-1.330533506,0.295997856,-0.825446675
552,0.423702401,-0.045786443,-0.74084784,-1.46455326,-8.139474688
553,-0.453227443,0.129237048,-1.084447105,-0.230553238,0.916581291
554,-0.414973046,1.540875424,-1.948752484,1.510711713,-0.353312172
555,0.22784083,-1.263482004,0.762801955,0.874992879,-11.40153834
556,0.084570912,-1.147010935,1.390635356,1.494423811,12.72345896
557,-2.289936484,-0.384194874,-1.343468772,-0.816866837,-9.509712831
558,0.087181585,-1.066431356,-1.756060073,-1.461618228,7.848525858
559,1.356602491,1.410571115,-1.685495486,0.257339316,-7.5932359
560,0.956426653,0.165149533,-0.961932954,0.743595985,13.21024318
561,0.067331447,-1.116766442,0.208679628,-1.369050989,11.44763659
562,-0.573014556,0.903167347,-0.057479817,-1.591767468,-7.713043165
563,0.265954782,0.675626036,-0.170210911,-1.140530197,8.753103907
564,0.100287964,-0.217362373,1.54082468,0.006038223,23.57080457
565,0.549927309,0.434225667,-0.726010667,-0.00253903,-1.983137271
566,-1.276367035,0.617423898,0.718643256,-0.05896618,-4.186296541
567,-0.382636863,-0.909202589,1.371024208,-2.312241531,-10.85237679
568,0.082301985,-0.159192269,1.630020033,0.545404263,8.683822487
569,0.936939722,-0.267170638,-1.226423502,-1.315210887,-8.191137136
570,-1.043475289,1.247364006,0.140867996,-0.483070332,14.47265543
571,0.110077841,0.140633527,-0.727838059,0.598792472,-16.46030469
572,0.261057286,0.652776121,-0.381481486,0.314957937,3.517577113
573,-1.253009255,-0.130045217,-0.973764569,0.628032362,-4.35115861
574,0.927184099,2.037333896,-0.137148844,-1.209644319,-6.597518769
575,0.270198107,-0.354768778,0.985683055,-0.65333738,0.239392756
576,0.321754366,-1.196560259,0.948319249,-1.829207493,32.56790422
577,1.32212288,0.246000592,1.113068531,0.946347524,0.513790421
578,-1.577361155,0.453575637,-0.578116738,1.22449486,-6.278714156
579,-1.864583416,0.537071427,-0.76906568,0.857422506,12.54064298
580,0.965040235,-0.412187484,-1.170352339,0.458392328,-6.960559736
581,-0.053792777,0.197797614,1.140404575,0.058660551,16.03872942
582,0.15786898,-0.274649408,-1.458513611,-0.202381999,-3.781718532
583,1.13034803,-0.617192652,-1.696257602,-1.514031398,1.998916293
584,-0.340128226,0.249654881,-0.771610913,0.211443463,-1.100025843
585,-2.211238381,-1.137954507,0.513220804,0.659479114,12.42285358
586,-0.783741082,0.381737044,-0.472440519,-1.087696701,14.11731126
587,-0.26644169,0.419372009,-0.543031545,-1.536208233,-4.439003488
588,1.696662865,1.205197768,-1.18198715,1.505450661,7.834380346
589,-0.975750343,1.218454317,0.295070332,-0.102412567,-1.999289236
590,0.329731018,-0.528702878,-1.426203414,-1.340378403,16.42286718
591,-0.756187309,0.175795995,-0.881825824,-0.450264635,-10.01511132
592,-0.384203673,-0.185494347,-1.310424528,0.316049563,6.161087283
593,1.864889503,0.551653313,-0.206144074,0.333391218,3.575649744
594,0.027835699,-0.291972278,0.695183652,1.213150336,-1.547188642
595,1.14409143,2.003469277,-0.383376176,-0.396900245,8.781921343
596,-0.13546535,1.016101939,-0.655451239,0.737430474,-22.13711881
597,-0.73294376,-0.658180709,1.426743511,1.029154673,0.368313186
598,-0.879284536,0.689241075,-0.681514386,-0.471121627,-0.157416676
599,-0.095684739,-0.723338923,1.474293482,0.203502792,2.436002422
600,-0.282669093,1.079858003,-1.011568954,0.340973773,-1.896850071
601,1.928070014,-0.888764649,1.420332828,-0.543168985,2.443593711
602,-0.324098008,1.163836403,-1.376125191,-0.117438509,6.797254387
603,-0.204058507,-1.115389655,0.50976719,-0.193215741,4.164227023
604,-0.417348548,-1.05446856,0.203493852,-0.680532531,-4.483517984
605,-0.624892214,0.779233451,-0.546201992,-0.357035481,-1.767336962
606,1.457717593,0.618857835,-0.009388867,-0.528601191,10.07649756
607,-2.026960274,0.39438181,-0.58536493,0.57337866,15.69022042
608,1.514467953,-0.989842137,1.350892572,1.177114444,-16.40321527
609,1.043103694,0.826105298,0.105530537,0.270390417,-9.741975739
610,0.143511472,-1.122294392,0.369928834,-1.580257005,6.441457365
611,0.016845446,1.011810695,-1.10676634,-0.250617574,-9.20275011
612,0.813743634,0.499947753,-0.070537906,1.317178076,-17.84885226
613,-1.563362077,0.969494672,-0.860749645,-1.553551735,7.815703439
614,-0.542301478,0.409136783,-0.788510147,1.175063538,-16.91856592
615,0.790133633,0.026526473,-0.57302313,-0.185626276,-2.012260735
616,1.079294823,0.627338853,-0.510446323,-0.097303258,-1.805890442
617,-0.18604916,1.184643558,-1.147412268,-1.4431567,-1.272092677
618,0.743071265,-0.261687691,-1.199947289,-1.138963177,-4.368510297
619,-0.525409025,-1.877569465,1.927044238,1.130138407,1.331080114
620,-0.648561828,-0.444517982,0.764186216,1.933572573,8.414615178
621,2.228510472,0.106156958,1.346353039,0.44797943,11.78912377
622,-1.182033583,0.245300449,-0.9741164,0.379372507,-2.070362282
623,-0.431470494,0.88424357,0.234735257,-0.100283691,-5.981125943
624,1.880605468,-1.522782503,2.184312089,-0.32350328,-0.014383646
625,1.088802602,-0.315320181,-1.601656919,-1.232422607,1.02983557
626,1.78236739,1.055065796,-1.138252072,1.030974003,-13.15928394
627,-0.468809124,0.345406032,-0.412271819,0.149515189,-1.222842208
628,2.500527421,-1.031573665,-0.030347228,0.996976154,-1.622936981
629,0.459836983,-0.432483069,1.116206919,0.284924615,-7.4971861
630,-1.363029667,-1.210251144,0.500034633,-0.178910402,0.227267095
631,-0.734702751,-1.271705608,0.473147769,-0.157107678,-7.007749824
632,0.647645299,0.010827906,-0.971794357,1.185150438,-8.645378216
633,0.363969387,-0.707331154,-0.112304712,1.043892477,-1.010665553
634,0.351678167,-0.025328643,-1.00326534,0.781578234,8.997985583
635,-0.133647966,-0.491533554,-1.817578708,0.009752401,-3.454591713
636,0.4519396,-1.13704509,1.650428201,0.846535694,-10.74657813
637,-1.982492377,0.600861608,-0.634142228,0.034253592,23.98812482
638,-1.942495511,-0.326543774,1.491539478,0.334816817,-6.75506704
639,0.492546748,1.183918615,-0.972599558,0.313122811,-5.776682423
640,0.322775337,1.109423996,0.195689858,0.410721033,2.147176276
641,0.518599801,0.931780769,-0.956898143,0.429403835,-11.32933358
642,1.073008732,0.814705047,-0.303282155,-1.303711539,1.993858648
643,0.489516911,0.142026047,-1.135906533,-0.293398212,0.840609597
644,-1.600669223,0.447185207,1.066404441,0.017263553,1.121389351
645,0.188538602,0.246757342,0.827553861,0.907655098,5.323433244
646,-0.271027199,2.404272148,-2.893560123,-0.661872487,0.866290724
647,-0.043037965,-0.390843359,1.117511416,-0.906187723,8.59566221
648,-1.132435505,0.184868606,0.612675333,0.650153991,-10.33637804
649,0.468046337,-0.827020742,1.39979984,-0.047207325,3.292636374
650,-0.244341643,0.14339338,0.774370063,-0.029293028,-13.41538702
651,-1.563731091,1.099954536,-0.071955029,-0.072802069,4.123143314
652,-0.796463683,-0.218733169,1.433308607,-1.036887693,6.17063535
653,-0.906263982,0.253357826,0.717422297,0.365665869,7.106709296
654,0.448391706,-0.357235399,0.975608859,-2.881964792,0.482144731
655,1.314376577,1.316503219,-1.137269845,1.88990947,-2.02439685
656,0.977864068,-0.354339385,-1.486616882,1.972738968,8.89114689
657,0.104438528,0.127662852,-1.122606181,0.034168152,-13.09835169
658,0.461162591,0.612250045,0.70005982,0.431624734,-12.07955533
659,0.312055802,0.538767049,-0.298084801,0.753818924,-25.78265921
660,0.466678704,-0.362363675,-1.491266531,1.708199652,-8.374469123
661,-0.548232199,0.238159508,0.863793173,-1.194066541,10.16223937
662,1.299098251,-1.135771927,1.546548269,0.035029945,-5.480022042
663,1.486236417,-1.34648602,1.003819794,0.044400713,-2.177462704
664,-0.436989374,1.206122728,-0.921367523,0.579869207,12.96309462
665,0.712100794,-0.173870771,1.5214358,-0.368470056,17.40713161
666,-0.761647502,0.98946767,0.784057009,0.364743875,2.82545645
667,2.304111229,-1.050669189,0.502028448,0.303966315,-4.232811067
668,0.922041838,-0.231776868,-0.927129436,-0.242220471,-18.14035815
669,-0.61167657,-0.290567163,-1.114683102,0.124128704,6.234886167
670,-2.178781748,-0.030942495,-1.118462563,1.143491292,29.32679388
671,0.943296667,0.4629877,-0.802096705,0.446351281,10.27926917
672,-1.069462924,-0.459450136,0.640687664,1.586014632,-1.673116244
673,1.721195904,0.078492963,-1.35746792,0.587320977,-10.97609083
674,1.021649716,1.718672702,-2.347128876,0.041512941,5.51817942
675,0.512635431,1.191718287,-1.506914839,2.334068241,22.24172269
676,-0.253258651,0.537286031,0.711402578,-0.459803155,6.253252707
677,-0.174591819,-0.557968554,-1.512847757,0.514665812,-18.37640054
678,0.781129071,0.045130785,-1.067466308,-0.882300613,1.166732401
679,0.214140602,-1.219617136,0.469970825,-1.363355635,-3.094567075
680,0.454864474,-0.952337209,1.761852818,-1.840326785,-5.86138167
681,1.20995825,-0.312852997,1.467494293,-0.788657505,6.180904145
682,-1.012362588,0.015480789,-0.668452992,-0.769594163,3.367424613
683,-0.349117827,-1.236166504,0.912024098,-1.060266705,3.115271543
684,-0.641424549,-0.105452439,-0.953094591,-0.143836331,10.52826387
685,-1.55088352,-0.376214358,-1.563099564,0.010602606,-3.881232019
686,-0.650140823,0.353436696,-0.543838484,-0.523181803,2.790444183
687,0.634927583,-1.268647428,2.223656547,0.172836232,-9.416867442
688,-0.269442648,-0.588827002,-1.549334606,-0.600480184,-2.881960001
689,-0.096857222,-0.84758643,0.72633645,-1.030237495,20.12368515
690,-0.183209195,1.840396082,-1.759368679,-0.127557839,-18.16562623
691,0.397541771,1.471702064,-1.101133136,1.321046897,12.14646897
692,0.005971925,1.554313942,0.263171876,-0.549118758,-2.113228085
693,1.738703788,0.893051102,0.782888569,-1.644282871,4.600775005
694,1.398440263,1.318874706,-1.614881502,-0.872653025,1.295939258
695,-1.327109979,0.166092262,1.154541003,0.258180528,6.261099758
696,-0.706466529,-0.314858604,-1.223701358,0.780098233,1.401530944
697,0.011655376,0.208695617,-0.733043683,0.164608096,-5.63592165
698,0.882387068,-0.340976038,-1.591293934,0.054190749,-1.2880567
699,-1.735148271,0.410172824,1.019334272,-0.281841222,-7.994596623
700,1.2255562,-0.51364748,1.218730028,0.473091146,-5.157945913
701,-1.04001953,0.466259707,-0.6001883,0.585154105,4.555861767
702,1.209365926,-0.717544547,1.102419764,-0.56486225,6.179832425
703,0.759276564,1.034292028,-1.147504564,0.825284151,15.87938855
704,-0.576183173,0.549403939,-0.502739743,1.028383469,1.852725698
705,-0.171745463,-0.540545583,1.092194933,-1.743567933,-1.276175154
706,0.679540276,0.787577698,0.703627066,1.111977092,1.832090996
707,-0.845109636,0.082534383,-1.074098419,0.82544393,-2.899581773
708,1.479823413,0.191632468,0.719760356,0.115817228,0.687654102
709,0.313068505,1.090080878,-0.51945885,0.171095749,-1.130304661
710,-1.079608397,0.471090373,-0.187176057,0.363700466,-1.175091263
711,0.193283994,0.277902093,0.946593557,-0.085526529,10.53837892
712,-3.3096375,0.811366398,0.507924839,-1.706239409,-17.99369357
713,0.254626715,-1.21330926,2.116161841,0.192420153,7.326736325
714,-0.651533885,-0.977310273,1.522932783,-1.275674685,9.902345547
715,-0.495562945,-1.276911684,0.354231914,-1.243696564,7.69851058
716,-0.768366079,-1.360612617,0.123774879,-1.601714409,8.078892792
717,0.137364067,-1.315558675,1.669565018,-1.345712572,-18.31972523
718,0.815810848,0.622437708,-0.649161006,-1.239752543,-3.703371406
719,-0.321763426,-0.381047537,1.275384521,-0.104612785,20.82977552
720,-1.571403945,-0.168317127,-0.87908938,1.249530271,-12.95702023
721,-0.760614436,-1.676495378,0.782651427,-1.498408464,-25.75752537
722,-1.079769903,-0.64637946,2.023663068,0.264144122,4.132449564
723,1.036729165,0.576485246,-0.508695521,2.913213234,3.959090466
724,-0.61470227,0.369920656,0.679231215,-0.898360886,-13.83060846
725,-0.587623097,-1.194165277,0.478022255,0.643919874,9.835057039
726,0.326052131,-0.822688742,1.235504921,0.14301747,9.749176801
727,-1.243658269,0.74343138,-0.334934916,-0.409836481,-16.1518133
728,0.813711124,-0.675035137,0.485121282,0.088868276,-6.278157832
729,0.420706491,0.941842405,-0.482392612,1.926261373,-10.09294412
730,0.149924105,0.259503139,0.441433075,-0.269957052,-14.13808638
731,-0.249824386,-0.1427986,1.044884423,-0.245648582,-6.700612981
732,-0.157951476,-0.067732466,-1.230021873,0.367615818,3.036442462
733,1.197584697,8.36e-05,-1.203794944,-1.868114046,-1.191569015
734,-2.191300577,-0.305197994,1.00497332,1.967335169,-21.23701375
735,-1.275066204,1.024950472,0.377790897,1.176523616,-17.92429916
736,-0.437241892,1.050392021,-1.066012322,0.826907837,-2.189436899
737,0.109135104,-1.520756952,1.16678634,0.061235137,-9.141804123
738,2.045771362,-0.027024072,0.753817337,1.914661937,-12.00382504
739,-0.007014666,-0.690815139,0.978173769,0.105008666,-0.671909215
740,0.293581697,-0.863395367,1.286408752,-0.139910908,2.264440544
741,0.078718015,1.036605376,-0.744628742,0.000317133,-9.669295925
742,-0.714879231,0.276906045,0.75338174,0.322514347,0.47108576
743,0.943943378,1.159935511,-1.378885287,-0.700485081,-7.08784696
744,0.429097716,-0.033069405,0.666152876,0.159655547,0.458848449
745,0.085733047,-0.072529397,-0.945695991,-1.0195267,12.87199113
746,-0.31856487,0.64221377,-0.858420552,0.899764419,5.825645483
747,-1.382210758,-0.906774848,1.895150726,-1.277785021,9.103480287
748,0.999673698,-0.972471465,2.599604989,-1.293169821,-6.078469256
749,1.367508521,-0.489923266,-1.369395657,0.009408484,-1.649618363
750,0.585854335,-1.61923731,-0.144675943,1.165708706,-4.930047531
751,0.220953702,-1.06145998,1.478362174,1.036956652,7.101478278
752,0.719100806,-0.22892058,1.252512484,0.084015945,15.60795842
753,0.925411171,0.768421166,-0.426180675,0.329562158,11.25023552
754,-0.037321189,-1.027143108,1.889911601,-0.901111191,-5.070031525
755,-0.34435364,0.617393416,-0.300834398,1.268359796,2.944485428
756,0.308762785,1.153033783,-1.24366076,0.890159919,-18.93367029
757,-3.086077774,-1.056434484,1.114801852,0.608045289,-6.746414033
758,0.857546218,0.600273153,0.7465015,-0.542835861,-13.14007312
759,0.491722186,0.422830793,-0.440171283,-1.464567273,1.09150863
760,-0.099591679,-1.427958703,2.123765785,1.281199502,-14.82309258
761,1.251910823,-1.14211413,0.348545499,-1.2750598,-13.28840509
762,-2.191901551,0.783775167,-0.667194274,0.129981573,3.164783905
763,-0.592466951,-1.046381866,-2.169412729,-0.341365542,-11.61704857
764,-1.048358407,0.626984575,0.704659961,0.00872882,-7.80591508
765,-1.061054076,0.829969099,-0.796891257,-1.286503865,-3.224107985
766,-0.013310071,0.629230628,-0.401164667,0.551309896,-13.05891702
767,0.046236765,0.043339584,-0.941724364,0.912358852,-2.648382261
768,-1.956576934,-1.157574826,1.795611099,-1.102869609,-7.40838524
769,0.98888737,0.951270159,-0.622557249,0.775966808,14.80624246
770,0.964436705,-1.144614769,1.832688607,0.122566615,2.836941496
771,-0.106637959,1.237086483,-0.775312287,-1.445339314,4.515937548
772,-0.749080603,1.057526381,-1.126986053,1.538073878,5.853022914
773,0.09599318,0.966375998,-0.435098291,-0.376503911,6.670863629
774,0.017658245,0.422367357,0.223251808,0.506491823,-1.741034527
775,1.205262227,1.069177524,0.756613031,1.647488858,-9.821668091
776,0.78389502,-1.116112297,0.519325102,0.457938004,-0.141733083
777,1.807618734,0.407574455,0.7494474,-0.09010798,6.622788137
778,0.944653207,-0.703583381,0.417273929,0.289124853,3.668073708
779,-2.245299662,-0.971684858,1.757909296,0.601290518,21.55186435
780,0.200498956,0.560232445,-0.31837051,0.993576354,-3.112469908
781,-0.214716996,-1.07874124,0.838428934,2.282686635,-1.408159141
782,-1.130777167,-1.358224714,-0.431094243,0.544884599,7.768133545
783,0.207458124,1.324615077,-1.370265791,0.10894271,5.449747568
784,-1.331170688,2.267578539,-2.868457164,-0.012386591,-15.47255475
785,-0.477178737,-1.824094179,2.275856521,-0.630283089,24.39997742
786,-1.734713508,-0.090321522,-1.036390672,1.788193924,-11.41492759
787,0.075943742,-1.298616174,0.966035151,0.219057845,-2.22411602
788,0.732090999,0.154350246,-1.148945454,1.522613101,-16.04918622
789,0.441894418,0.303639823,1.031044725,0.319698276,-6.528263458
790,-0.317898024,0.672804627,-0.251504589,1.03905845,-7.011629746
791,0.668590822,1.485046741,-1.920453794,0.715542483,-4.934696045
792,0.239109073,-0.847198655,2.061361631,-1.134373609,3.462018795
793,-1.486616608,2.164762966,-2.746039355,-0.638708613,-11.8572926
794,-0.190168254,-0.781729317,2.965650849,0.548026941,-5.070094954
795,-0.058803971,1.597082975,0.303383878,2.226377517,-2.750338825
796,0.964024518,2.084696756,-0.235385722,-0.530715175,5.24186672
797,-2.125428731,-0.03831157,-0.821969179,-1.023575224,1.862177143
798,1.472997317,0.389845619,-0.446750781,0.835409904,-5.552556484
799,0.090060477,-1.189158175,0.000996883,1.047307247,-6.605690967
800,-0.265002744,0.60761186,0.420849144,0.034019556,-2.07124745
801,1.773693812,-1.029981133,1.415140798,0.044900905,-2.485803624
802,0.063727145,-0.163880691,-1.072228476,0.349305846,-11.53117685
803,-0.457249542,0.316096124,0.386308586,0.459509422,-1.902460618
804,-0.292060066,1.45727604,-1.504559539,-0.697546439,13.77382488
805,0.420421975,1.940157923,-0.528480273,0.707652403,8.309381375
806,-1.411534321,-0.291700911,-1.406930753,-0.059929314,12.04760738
807,0.958278435,-1.052147659,1.226088747,0.065859165,-11.81528637
808,0.700779671,-0.552780756,1.337088363,-1.16301016,-12.1133846
809,-1.053922986,0.422784806,0.262462942,1.290627583,-11.89968856
810,1.418386743,1.207246699,-1.058601833,0.745772204,8.847518441
811,0.149776667,0.91717315,0.810014909,-1.336836915,-7.65895229
812,-0.041025387,0.488346817,0.647434879,0.027491747,-11.59392349
813,0.11533378,0.092417573,-0.77398026,0.24903904,4.839756847
814,0.321715352,-1.337969609,1.262175896,-0.48630906,-11.37471018
815,-0.153278597,0.897527251,-0.499131632,0.515358257,-6.482527218
816,-0.81119383,0.192559335,0.602987021,-0.999467919,-2.372926538
817,-0.176596574,-0.628041874,1.481287692,0.386033185,-17.97914524
818,1.564388965,-0.136243161,1.262137584,1.009387928,10.41135274
819,-0.17276478,-0.236915145,-1.126913491,0.189253167,-1.56050888
820,0.502944625,-0.351379582,-1.313963907,0.295151294,0.892887081
821,1.071168022,0.548064503,-0.297016772,0.172480756,-16.13270728
822,1.291177444,-0.266672594,-1.455199244,-2.253592009,14.63062243
823,-0.49625661,-0.217963643,-1.048219923,-0.608827867,8.285387877
824,-0.706102683,0.027465925,0.949806363,0.450427614,6.471844246
825,-0.702416089,-0.210501987,-1.27653648,0.012521239,-6.790438194
826,0.042827857,-0.958670322,0.875550321,-1.002878184,16.53379185
827,1.579031912,0.47762806,-0.402854005,0.416834232,-8.716981117
828,0.71075725,-0.417409079,1.338972468,-0.977328177,1.131328756
829,-0.556566347,-0.452460017,1.40635134,-1.508057101,-18.69838191
830,-0.814565495,1.279579881,-1.62866321,-0.218007648,7.024857839
831,-0.544990671,-0.816140358,1.283342275,-0.421804118,-10.98077892
832,0.892875647,-0.46569239,1.208809388,0.211284881,-2.60130321
833,0.12592674,-1.482785857,1.30602325,0.154421246,-10.40862142
834,-0.475487798,0.015525773,-1.015053104,-0.181727542,0.268656292
835,-0.084978052,-1.017517196,1.638198734,1.14712637,3.404442413
836,1.50791442,-0.761739188,0.813876476,-1.852918576,27.82982562
837,-1.166986379,-0.002133118,-0.906515011,-0.523475778,7.148163734
838,-1.082681184,-1.452079826,1.536636143,-1.417303802,10.37522811
839,-0.115736515,-1.229158215,0.037032906,-1.530061052,-13.11150312
840,-0.188462516,-0.992344395,0.109475994,0.251083011,7.340776794
841,-0.340268485,-0.220289971,1.109173326,1.296040723,-2.046750048
842,-0.087854396,1.225280383,0.23958763,-2.00822404,-4.222840379
843,-1.559676202,0.645989945,-0.425302389,-0.026389086,9.655731628
844,0.736633322,-0.458928205,-1.593212595,-0.145447543,26.12551581
845,0.201481452,-1.074198162,1.681391826,-0.631639559,-0.858123076
846,-1.273393745,1.297951482,-0.102976818,2.400839451,15.59748206
847,0.24934093,-0.67940334,1.151170646,-0.418145319,-0.949202739
848,0.135659682,-0.185461233,1.265132016,-1.018474211,-10.94443928
849,1.60682721,0.78018623,-0.398769787,-0.759738774,-3.312836807
850,-1.659435775,0.526090892,-0.651253643,-0.091824923,-4.938173588
851,-0.623762759,0.167079411,-0.90573464,-0.622995601,-7.444543106
852,0.963721622,0.633231708,0.788653206,0.22391177,-7.289277154
853,-0.915606008,0.066396659,-0.916383828,0.897991542,-3.764847567
854,-0.752132548,-1.315501198,0.630110047,0.366177625,-4.310042986
855,1.55778337,-1.162468318,1.588035129,0.230428266,2.80366741
856,1.902693607,-0.810585821,1.23537799,0.141527618,-17.33371629
857,-1.055748429,0.604210679,0.814777325,1.229470818,-2.013213849
858,0.058448865,-0.402006398,1.530620865,-0.219391316,15.24208408
859,-1.225436718,0.965712855,-0.766266667,-1.26603648,8.396905829
860,1.04977109,-1.200853847,-0.603934656,1.360846731,1.932737799
861,-1.124992897,-1.527248141,0.461171552,-1.36144968,2.190966583
862,0.082048715,-1.210764839,1.681653929,-0.595533651,5.540954019
863,-0.33131205,0.37090904,-0.541773608,-0.6138811,-7.456566856
864,-1.582232952,-0.347925871,-1.511367094,0.618386053,-10.4025851
865,0.266687809,-0.7721594,0.93833767,-0.439560751,-10.8393106
866,0.275951492,-0.783946543,0.290257251,-1.890670723,23.24633833
867,-0.688625213,1.50913648,-1.267159537,1.633599896,0.010629394
868,-1.13356482,0.122976065,0.177538149,-0.209150404,5.958422881
869,1.024760276,1.459674092,-1.45011944,-0.107492635,-14.13723361
870,-0.754439176,1.128813831,-0.78221928,0.945088824,-8.081206606
871,-0.376585788,1.096139232,-1.568035594,0.303881659,1.808910417
872,0.563682616,1.052652794,0.309109786,1.369047151,11.87225391
873,-2.20481571,0.162277089,0.924733885,0.137627138,10.70776467
874,1.925493763,0.32524849,0.376789941,1.092387847,-6.676572777
875,1.080697603,-0.638419744,1.366708047,1.550623186,4.226030786
876,0.45353882,-0.556133297,-1.503035959,1.476687383,-17.72465228
877,-0.982457935,0.420970837,0.742957034,-0.478594285,-4.345954862
878,-0.373024155,-0.236561968,-1.289966523,-0.016663862,5.093889276
879,0.53860456,-1.140017317,0.858652578,-0.890669572,11.18509393
880,-1.556002092,1.757310047,-2.14417619,-1.668745042,15.09583132
881,1.187075448,0.212980583,-0.925773045,0.177408189,-9.769993993
882,-0.607843676,-0.367087953,-1.239987472,0.136601207,17.44346328
883,-1.692035063,-0.028764834,-1.270168329,0.612531567,-0.883261148
884,1.821286723,-0.298329461,-1.218963943,-0.712707028,2.951129571
885,0.139674906,-0.937800896,1.180806116,0.110423482,-2.58384968
886,1.173301373,1.430029326,-1.1893318,0.54648917,-4.078376331
887,-1.331926055,-1.307686834,2.199359096,0.314532617,7.250240096
888,-0.989546867,-1.501323983,2.093614171,-0.907738662,2.553527355
889,0.621179848,-0.934003087,1.694214758,-1.201766163,-23.19665867
890,-0.891344457,0.033204606,-1.046122545,0.394419383,-3.52729108
891,0.141890499,0.983330987,0.333104661,1.132164037,17.67596266
892,-0.58528042,-1.557470488,2.385110923,0.718129885,2.903967605
893,0.594866208,-0.150726883,0.78434821,-0.843889125,-17.38449776
894,0.380521956,0.13069973,-0.746696225,0.118960242,1.969716286
895,0.352086919,-0.292204851,1.384022925,0.269154396,-3.679246579
896,1.201722544,0.516980661,-0.480658157,1.150502528,1.829297154
897,-1.450444748,-1.087764898,-2.008532313,0.571239798,1.218114416
898,1.335020784,-0.862828575,1.181952954,-0.203921967,-4.951754536
899,-0.52625907,-0.848764465,1.262179879,0.723173676,-20.76024726
900,0.568228415,-0.623903594,1.320073409,3.840408713,-25.50852887
901,-0.118401915,0.593255723,-0.861440638,0.977859172,9.516363271
902,0.454527079,-0.896441295,1.737682443,-0.923502876,-0.7356971
903,-0.187419654,1.427014049,-1.590753038,-0.046405857,3.176385166
904,0.898569202,-0.802994912,0.75001344,-0.03924905,-4.141253934
905,-0.695720662,0.409790152,0.521261943,-2.072815456,8.663743903
906,0.700641057,1.017974658,-0.930881976,-1.357856465,-4.564138683
907,-0.610009776,1.945894006,-2.411501125,-0.035582987,22.89226057
908,-1.126517337,0.215319215,-0.860195799,1.332955929,11.80140834
909,-0.456195762,1.471122631,-1.404179482,0.324182377,0.395398252
910,0.947077463,-1.138058753,1.895521164,-0.291688241,9.650665899
911,-1.534109981,-2.168406087,2.570631743,0.772592861,25.70424854
912,-1.032746671,0.936447602,-0.810289484,-2.069084164,7.037922345
913,-0.533363039,0.659703266,-0.55769357,0.816220431,-3.247457302
914,-0.350546284,0.793490839,-0.574376276,-0.814218611,6.84549961
915,0.283583091,0.521411077,-0.6150745,0.708143729,5.975009523
916,-1.218813017,0.394620791,-0.030939029,0.622780632,-6.321417387
917,-0.513631215,0.108449594,-0.761212563,1.88155132,20.31801267
918,0.373481448,1.277235662,-1.175983237,1.195008615,-1.27290112
919,0.037420999,-1.329072405,1.874809097,-0.246959014,13.65072781
920,0.044055961,-0.069396007,-1.117588761,-1.81818259,9.137909328
921,-0.05779411,-0.707935771,-1.717398345,-0.469162431,-14.05298358
922,-0.396004117,-0.283768777,-1.082748415,0.128225882,-7.709313357
923,0.72435914,0.747166142,-0.489147048,0.113865556,6.87304588
924,2.282003098,0.254978965,0.744847502,1.407837365,11.60495087
925,0.384740991,0.618956483,-0.413454126,0.630875025,-14.05383955
926,1.592303793,1.854166041,-2.166898441,1.057673547,6.822124606
927,-0.605874674,0.359872213,-0.371078709,-0.684844618,19.57712308
928,-1.063901015,-0.404180135,-1.379497548,0.709200111,-6.820675421
929,-1.500256927,0.052003557,-0.91242899,0.924761426,18.9357087
930,0.037516305,1.084243981,-1.279987729,0.346420985,2.990613078
931,0.316897203,-1.282510669,0.882668108,-0.783759836,6.927755347
932,0.010120749,0.62176318,-0.360179264,-0.475627334,13.65620576
933,0.003008517,-0.672144395,1.442781544,-1.128803145,0.764166735
934,-0.284278378,-0.218624034,-1.157106171,0.210600542,-7.304645209
935,0.773395512,1.331785688,-1.172638171,0.633664205,4.330108672
936,-1.606423708,-0.843808645,0.284481362,1.748036262,3.689103687
937,1.206556425,1.140913458,-1.17830571,0.143669883,9.391733257
938,-1.344093571,1.85553422,-1.8932592,0.004228315,6.958972483
939,0.610293067,0.130817256,-0.946204163,-0.826783935,5.863921577
940,0.060440113,-1.234637162,1.604794781,0.66072749,3.525862856
941,-1.074958365,0.232044279,-0.739445063,-0.389431006,-11.01492374
942,1.587731538,-0.960296236,-1.616894674,1.527422243,-0.408968072
943,-0.71376519,0.084230477,-0.752138199,0.37731441,-5.755223596
944,-1.392731854,-1.127057229,-0.358075767,0.421204712,-17.85536766
945,0.700965788,0.386597179,0.190745104,0.620741566,19.75843454
946,-1.00657543,0.063872031,1.049968706,-0.78122317,-10.77210097
947,-0.84722912,-0.073408713,0.94483885,0.410395891,12.92419893
948,-0.606176622,1.884692789,-1.980226577,-0.097123654,-8.940777991
949,2.046706034,0.721329265,0.460625196,0.2968154,4.894686864
950,2.435419633,-0.242191991,0.956784072,0.512215975,-1.666750628
951,0.367282954,-1.157430481,1.18560799,0.948808794,-7.11228918
952,-1.47922581,-0.202199384,-1.027074285,-0.467241226,21.58907067
953,-0.449813886,-0.639852189,1.263900633,1.619381163,-1.379780751
954,-0.021297394,0.774565548,0.622982275,-0.264735344,2.703791291
955,-0.803203134,0.921615087,0.768006876,1.490007517,2.081474172
956,1.149433232,-1.479835114,0.984444129,-0.610195663,-7.054004573
957,0.65971028,-0.460442716,-1.45713837,0.198773609,-1.397683922
958,-0.572982004,-1.134490173,1.228663296,-1.266872172,0.554081918
959,0.437191988,1.708831538,-2.007052342,-0.152180677,-5.578929441
960,0.245804097,-1.010697349,1.611161676,-0.047341191,-1.618859848
961,-0.27343173,1.210095282,0.261780449,-0.730449064,3.895614651
962,-1.089303439,-0.666818754,1.226379007,-1.232339034,-9.367793431
963,-0.763925766,-1.019017636,1.280664165,-0.206733761,-3.011029555
964,-2.821973951,-1.31106371,0.413025093,-0.638384439,-2.801891103
965,-1.797551985,-0.204277258,1.1055577,-0.054794768,8.523206237
966,1.080092546,1.150706789,0.565626359,-1.141499327,3.611732393
967,1.141345626,1.391921312,-1.374291939,0.23076569,12.10901997
968,-0.17131716,-0.301815688,1.186781452,-0.101160392,-1.371948466
969,0.862692318,-0.739460637,0.867180957,-1.764449194,-10.62311645
970,-0.720247223,0.608401769,-0.189391103,-0.258470987,4.49180476
971,-1.381318419,-0.943573387,0.813704313,1.137559563,4.218061508
972,-0.29760567,-1.119091487,0.58353934,0.559404056,10.62483756
973,0.856338663,-1.663429621,1.641152835,0.441001132,17.45747007
974,-1.107913376,-1.388381513,-0.062661123,-1.359330364,0.197933269
975,-0.819997019,-0.300157211,-1.374958323,-2.008542472,-17.7110415
976,0.193560395,0.338939657,-0.692373828,1.852393503,-1.085495325
977,-0.153251809,0.108058537,1.228957747,0.301613211,-13.04123007
978,-0.746579238,0.569297521,-0.84274739,-1.140495252,-3.852468998
979,0.348089128,0.452214287,0.767097992,1.085132932,-7.649459205
980,-1.158007214,-0.21447154,-1.154350748,-0.250153595,10.21940591
981,0.023003909,-0.48336705,0.966350809,0.973931327,-4.436172858
982,1.181957819,-1.620654263,0.680586673,-0.426047227,0.675077436
983,-0.112822028,0.090933484,0.993041257,-0.825653501,-2.566741684
984,-0.684516344,-0.302425876,-1.153785254,0.3649114,20.52390111
985,0.93236902,-0.497730039,1.31371439,-2.446429214,10.90182971
986,0.600163082,1.922061112,-2.32125775,-0.449628363,14.51260049
987,2.19920715,1.048258549,-1.172461037,0.408391046,-2.512258279
988,1.56883742,1.868514475,-2.219607207,0.795267484,-3.429369265
989,-0.499590483,-0.967994433,1.29416301,0.587794043,20.20149734
990,-0.751591405,1.052410268,-0.71465657,-0.782078046,11.09200944
991,0.493760659,0.259123688,-0.82400451,0.450030082,-20.55818495
992,-0.14252672,-1.568274912,2.026685835,0.859978177,-5.543418291
993,-0.326569295,0.453330173,-0.34994255,1.019600858,4.824083002
994,-0.56403034,-0.429955073,-1.519786357,-0.24573132,-11.352202
995,-1.382170044,-1.259686397,0.823195692,2.160405906,-1.917442892
996,0.088311612,0.928096284,-0.804729676,0.989277741,2.344174205
997,-1.631266341,0.072273638,-0.943227813,-0.474243381,1.175778179
998,-0.342766609,1.226522961,-1.023787027,-0.693041617,-3.950141314
999,1.093772575,-1.329219434,1.529574234,-0.620694151,-20.55010335
